ZOHO PATH,S3 PATH
Z:\General\17-12-2025\ITAT\Ahmedabad,S3/Direct-Taxes-case-laws/India/ITAT/Ahmadabad
Z:\General\17-12-2025\ITAT\Banglore,S3/Direct-Taxes-case-laws/India/ITAT/Banglore
Z:\General\17-12-2025\ITAT\Delhi,S3/Direct-Taxes-case-laws/India/ITAT/Delhi
Z:\General\17-12-2025\ITAT\Mumbai,S3/Direct-Taxes-case-laws/India/ITAT/Mumbai
Z:\General\17-12-2025\NCLAT,S3/commercial-case-laws/India/NCLAT
Z:\General\17-12-2025\NCLAT\Chennai,S3/commercial-case-laws/India/NCLAT
Z:\General\17-12-2025\AT Electricity,S3/commercial-case-laws/India/AT Electricity
Z:\General\17-12-2025\AFT Delhi,S3/commercial-case-laws/India/AFTPB
Z:\General\17-12-2025\CGIT,S3/commercial-case-laws/India/CGIT
Z:\General\17-12-2025\Debt Recovery Tribunal\Allahabad,S3/commercial-case-laws/India/Debt Recovery Tribunal
Z:\General\17-12-2025\Debt Recovery Tribunal\Chennai,S3/commercial-case-laws/India/Debt Recovery Tribunal
Z:\General\17-12-2025\PFRDA\Regulations,S3/Labour Law/Providend Fund/PFRDA/Regulations
Z:\General\17-12-2025\PFRDA\Notifications,S3/Labour Law/Providend Fund/PFRDA/Notifications
Z:\General\17-12-2025\PFRDA\Master Circulars,S3/Labour Law/Providend Fund/PFRDA/Master Circulars
Z:\General\17-12-2025\PFRDA\Circulars,S3/Labour Law/Providend Fund/PFRDA/Circulars
Z:\General\17-12-2025\PFRDA\Notices or Orders,S3/Labour Law/Providend Fund/PFRDA/Notices or Orders
Z:\General\17-12-2025\PFRDA\Reports,S3/Labour Law/Providend Fund/PFRDA/Reports
Z:\General\17-12-2025\PFRDA\Guidelines,S3/Labour Law/Providend Fund/PFRDA/Reports
Z:\General\17-12-2025\PFRDA\Pension Bulletin,S3/Labour Law/Providend Fund/PFRDA/Pension Bulletin
Z:\General\17-12-2025\PFRDA\Compendium,S3/Labour Law/Providend Fund/PFRDA/Compendium
Z:\General\17-12-2025\PFRDA\Exposure Draft,S3/Labour Law/Providend Fund/PFRDA/Exposure Draft
Z:\General\17-12-2025\PFRDA\Statistics,S3/Labour Law/Providend Fund/PFRDA/Statistics
Z:\General\17-12-2025\PFRDA\Press Releases,S3/Labour Law/Providend Fund/PFRDA/Press Releases
Z:\General\17-12-2025\PFRDA\Consultation Papers,S3/Labour Law/Providend Fund/PFRDA/Consultation Papers
Z:\General\17-12-2025\High courts\Delhi,S3/commercial-case-laws/India/HC Delhi
Z:\General\17-12-2025\High courts\Meghalaya,S3/commercial-case-laws/India/HC Meghalaya
Z:\General\17-12-2025\High courts\MP,S3/commercial-case-laws/India/HC Madhayapradesh
Z:\General\17-12-2025\High courts\Kerala,S3/commercial-case-laws/India/HC Kerala
Z:\General\17-12-2025\High courts\J&K Jammu wing,S3/commercial-case-laws/India/HC Jammu & Kashmir
Z:\General\17-12-2025\High courts\J&K Srinagar wing,S3/commercial-case-laws/India/HC Jammu & Kashmir
Z:\General\17-12-2025\Supreme court of India,S3/commercial-case-laws/India/SC
Z:\General\17-12-2025\GST,S3/Indirect Taxes/India/Central GST/update 032025
Z:\General\17-12-2025\RBI Press Releases,S3/Banking Regulations/India/RBI Press Releases
Z:\General\17-12-2025\DGFT\Circular,S3/commercial-laws/India/Foreign Trade Policy/DGFT Updates
Z:\General\17-12-2025\SEBI\Orders,S3/Capital Market Regulations/India/Orders
Z:\General\17-12-2025\SEBI\Press releases,S3/Capital Market Regulations/India/Orders Press releases
Z:\General\17-12-2025\EPFO Circulars,S3/Labour Law/Providend Fund/Updates
Z:\General\17-12-2025\PFRDA\Minutes of Meeting,S3/Labour Law/Providend Fund/PFRDA/Minutes of Meeting
Z:\General\17-12-2025\IBBI\NCLT,S3/commercial-laws/India/Insolvency and Bankruptcy/Update/2025/Dec
Z:\General\17-12-2025\DPIIT,S3/commercial-laws/India/DPIIT/Updates
Z:\General\17-12-2025\DGFT\Public Notices,S3/commercial-laws/India/Foreign Trade Policy/DGFT Updates
Z:\General\17-12-2025\DGFT\Orders by rasz 17-12-2025,S3/commercial-laws/India/Foreign Trade Policy/Orders/Orders 17.12.2025
